Music,Lyrics,Time,Views
Guarda-Chuva,"['Quando chove demais E teu guarda-chuva se faleceu Te deixou de repente, nem deu tempo de dar um tchau Não há clima sem você Cada pingo é um soco na alma porque só te fechava Se no fundo só queria me abrigar Nesse clima Deixa a chuva E o vento frio bater, te gripar Faz de conta, ah Que as nuvens vão chorar por nós algum dia É nublado demais Acordar e sentir-se fora da matriz Encarar o sol de olho aberto simplesmente não dá Não há clima sem você Cada pingo é um soco na alma porque só te fechava Se no fundo só queria me abrigar Nesse clima Deixa a chuva E o vento frio fazerem um par Faz de conta, ah Que as nuvens vão chorar por nós algum dia O clima tá bem aí? O tempo vai levar você Pra passear no vazio E a gente vai resfriando e esperando o amanhecer']",166,681149
O Guerreiro e a Selva,"['Os lobos te encontraram E agora vai ter que encarar Prepare, afia tua lança Acende o fogo pra noite não te sufocar Teus dentes tem que crescer, o espírito acalma O mundo inteiro caça você Como tu vai contra atacar? Guerreiro aqui é matar ou morrer Dormir com os dois olhos abertos Selva! O vento leva o cheiro do teu sangue pros abutres no ar Aperta a corda do arco e flecha E cruze os dedos pra você não ser o jantar Teus dentes tem que crescer, os nervos acalma O mundo inteiro caça você Como tu vai contra atacar? Teus dentes tem que crescer, o espírito acalma O mundo inteiro caça você Como tu vai contra atacar? Guerreiro aqui é matar ou morrer Dormir com os dois olhos abertos Selva! Ovelha começa a caçar A necessidade faz tu improvisar Os tempos são sombrios Peleja no frio Levanta! Tentativa e erro Tudo tem um jeito Um caminho uma jornada Vou fazer você entrar no eixo Deixa o horizonte iluminar, aah Teus dentes tem que crescer, o espírito acalma O mundo inteiro caça você Como tu vai contra atacar? Guerreiro aqui é matar ou morrer Guerreiro aqui é matar ou morrer Dormir com os dois olhos abertos Selva!']",201,542702
Maremotos,['As vezes é fácil sorrir As vezes só fecha a cara As vezes é só dormir As vezes não melhora As vezes é fácil ouvir As vezes é gritaria As vezes é um poço sem fim As vezes é uma escada Calma vai passar Espera a tempestade clarear Os maremotos de química surgem Bagunçam tua cabeça a todo vapor Calma vai passar Espera a tempestade clarear Os travesseiros derretem a noite Todos que cobram você não sabem a dor não entendem a dor não sentem dor As vezes esconde de si As vezes dá a cara a tapa As vezes não dá pra fugir As vezes tu só viaja O eu de dentro sempre fica enterrado Pra conhecer você precisa cavar Nossas sementes sempre ficam isoladas Pra conhecer você precisa plantar Nossos espinhos sempre ficam apontados (afiados) É proteção pra não se decepcionar Os nossos medos são os nossos papagaios Pesam os ombros e repetem mantras infernais'],188,318115
Menina Largata,"['Essa menina sempre foi largata Brigou com os pais, agora quer fugir da casca Você tá triste, teias na tua alma Mas o casulo é pra fortalecer tuas asas Vai ser bom pra você Quando tu sair, o céu será teu território Voe pra você, seja quem quiser Faz do teu jeito Quando tu sair, ame tua metamorfose Cuide de você, seja como for Faz do teu jeito Sem tropeçar Floresta é triste, cheia de maldade Tua armadura só cresce com a idade Vai ser bom pra você Quando tu sair, o céu será teu território Voe pra você, seja quem quiser Faz do teu jeito Quando tu sair, ame tua metamorfose Cuide de você, seja como for Faz do teu jeito Segue as antenas, aah-aah Quando tu se assumir, quando tu se aceitar Ah, deixa o para-brisa vir Ele que vai se quebrar Deixa o tempo construir Quando tu se assumir, quando tu se aceitar Ah, deixa o para-brisa vir Ele que vai se quebrar Deixa o tempo construir Teu sonho de voar Quando tu sair, o céu será teu território Voe pra você, seja quem quiser Faz do teu jeito Quando tu sair, ame tua metamorfose Cuide de você, seja como for Faz do teu jeito Sem tropeçar']",227,444143
Robozin,"['Aguenta o peso, segura a onda Sem chorar, sem chorar (Pequeno robozin) Faz assim, faz assado Imaginação, vai pelo ralo Internaliza sempre Te ensinaram tudo errado Deixa assim, faz igual Ao coleguinha do lado Que vai ser sucesso O mundo quer você quadrado O tempo vai te rolar do alto do morro e sim Tuas quinas vão machucar Se prepara robozin O tempo vai te rolar do alto do morro e sim Tuas quinas vão machucar Abra esse teu mundin Se prepara robozin Faz assim, faz assado Imaginação, vai pelo ralo Internaliza sempre Me disseram que você tá sempre errado Deixa assim, faz igual Ao coleguinha do lado Que vai ser sucesso O mundo quer você quadrado O tempo vai te rolar do alto do morro e sim Tuas quinas vão machucar Se prepara robozin O tempo vai te rolar do alto do morro e sim Tuas quinas vão machucar Abra esse teu mundin O tempo vai te rolar do alto do morro e sim Tua lata vai amassar Se prepara robozin O tempo vai te rolar do alto do morro e sim Tua lata vai amassar Abra esse teu mundin Se prepara robozin']",189,1030714
2 e 1,['Antes de sermos dois A gente tem que saber ser um Degustar o pôr do sol sozinho Antes de por os pés A gente tem que observar Se vai dar pé ou só te afogar Deixar puxar a rede Filtrar o que interessa O mar não tá pra pesca Se o ódio nos divide E o amor nos completa Vamos juntar as peças? Depois de sermos um A gente tem que saber ser dois Se botar à prova A confiança não pode falhar Tem que se jogar A jangada faz cruzeiro em alto mar Deixar puxar a rede Filtrar o que interessa O mar não tá pra pesca Se o ódio nos divide E o amor nos completa Vamos juntas as peças? Vamos puxar a rede Sem cabo de guerra Vamos quebrar a cabeça Vamos puxar a rede Filtrar o que interessa O mar não tá pra pesca Se o ódio nos divide E o amor nos completa Vamos juntar as peças?'],201,273518
Meu Colorista,"['Colore o frame, me derrama cor Sou essa imagem fria, triste e sem sabor A-ah, me trata, desfoca em sombras Me deixa ver como é sentir Todo esse amor, que nos envolve (Sem o diretor pedir pro editor tirar do filme) Teu personagem fugiu Com a tua fala, deu dó Você perdeu o controle E o orçamento storyboard Teu roteiro tá chato Óbvio, ninguém vai ver Demite toda essa produção E atua você Me dá sentido, desenrola a trama O script é tenso e cheio de reviravolta Me trata, desfoca em sombras Me deixa ver como é sentir Todo esse amor, que nos envolve (Sem o diretor pedir pro editor tirar do filme) Teu personagem fugiu Com a tua fala, deu dó Você perdeu o controle E o orçamento storyboard Teu roteiro tá chato Óbvio, ninguém vai ver Demite toda essa produção E comece a viver A rotina é um labirinto que não te deixa escapar Tu entra petrificado e não consegue andar Não tem chuva, não tem água Nada que um dia possa dissolver É um Rivotril ali, é um Xanax pra cá É tanto remédio que fica difícil até decorar Tão forte e feliz, não para de dopar As vezes só a gente vê Se me desse poderes eu poderia (ah-ah-ah, ah-ah-ah) Não depender de ninguém Ser meu colorista (ah-ah-ah-ah) Sem efeitos especiais Teu personagem fugiu Com a tua fala, deu dó Você perdeu o controle E o orçamento storyboard Teu roteiro tá chato Óbvio, ninguém vai ver Demite toda essa produção E comece a viver Ah, se me dessem poderes eu poderia (comece a viver) Não depender de ninguém Ser meu colorista (ah-ah-ah, ah-ah-ah) Sem efeitos especiais']",233,1051068
Parafuso a Menos,"['Olha só, ó, ó Te martelam um monte Os manuais não te servem Se é diferente ninguém aceita que Teu parafuso a menos É o tempero que te destaca de um monte de prego Deixa enferrujar Olha só A caixa ficou pequena As ferramentas ficam se espremendo Competindo quem espana mais Vamos se amar O que não é quebrado não tem que se consertar Teu parafuso a menos É o tempero que te destaca de um monte de prego Deixa enferrujar Deixa derreter Que é pra não espalhar Na mente de quem não quer ver Teu parafuso a menos É o tempero que te destaca de um monte de prego Deixa enferrujar']",163,499117
Cela,"['Ela se rendeu, deixou se algemar Na cela que criou, a pena é solitária Depressão bateu, chegou sem avisar Agora eu quero ver quem vai pagar fiança Olha bem pra você Me diga o que você vê Pois tu és perfeita Aceita, respeita, se deixa Olha bem pra você Me diga o que você vê Pois tu és perfeita Aceita, se deixa As barras e o espelho A cama e os desejos Te fazem um apelo: ""Queima os teus medos"" Vomita a chave, volta a vaidade Deixa a luz entrar nas cavidades Vomita a chave, volta a vaidade Deixa a luz chegar na sua cidade Olha bem pra você Me diga o que você vê Pois tu és perfeita Aceita, respeita, se deixa Olha bem pra você Me diga o que você vê Pois tu és perfeita Aceita, respeita Vomita a chave, volta a vaidade Deixa a luz entrar nas cavidades Vomita a chave, volta a vaidade Deixa a luz chegar na sua cidade Vomita a chave, volta a vaidade Deixa a luz chegar na sua cidade Olha bem pra você Me diga o que você vê Pois tu és perfeita Aceita, respeita, se deixa Olha bem pra você Me diga o que você vê Pois tu és perfeita Aceita, respeita, se deixa']",208,445999
Xepa das Estrelas,"['Recusar resgate, soterrado em Marte A gente pode, às vezes escolhe, não Escutar, vai dizer Quem nunca foi você Nos mesmos erros Nos mesmos anseios Costurar Band-Aid Não salva a pele Da gravidade que a vida Te pesa Se não cuidar Desmoronar A gente é frágil Sufoca no espaço Se transforma A fuga é uma viagem Que você compra passagem Sem saber pra onde vai Se transforma Até os planetas se formam Da xepa do resto de estrelas Basta você se querer O que falta, o que cê tem? O que será que ele tem? A mente ferve, o radar da gente Flooda, refresha Vai dizer que nunca quis Fugir de si? Fugir de si? Se transforma A vida é uma viagem Que você compra passagem Sem saber pra onde vai Se transforma Até os planetas se formam Da xepa do resto de estrelas Basta você se querer Oh, oh, oh, oh Oh, oh, oh, oh, oh, oh, oh, oh']",192,715099
Magaiver (Part. Raony e Keops),"['Cheguei no fundo do poço, dei aquele tibum Me banhei nessa água deliciosa feita por quem só chora Pois eu tô vendendo lenço Aqui não tem tempo ruim Me derruba a vontade que eu levanto feito boneco de posto É tanto azar, só desastre É o que se vê não dá pra acreditar A gente faz a felicidade perfurar a barreira da vontade Dei uma mordida no pão que Rogério amassou Uma gourmetizada, uns temperos, vendi no foodtruck Eu sou quase um Magaiver do século Xxi Se tu não acredita compra ingresso e vai no meu workshop É tanto azar, só desastre É o que se vê não dá pra acreditar A gente faz a felicidade perfurar a barreira da vontade Eu sinto que algo podia mudar agora Ouço vozes gritando a me chamar lá fora Vem arriscar, vem conquistar, vem sem piscar Somos a isca no anzol da história Trago no peito o peso da escolha Bagagem lotada de tanta memória Procuro abrigo na mão do perigo Me encontro perdido no espaço e hora O valor de ter, o valor de ser Vão te fazer tropeçar em você Não adianta esconder O melhor que está em você Porque a sabedoria do samurai Vive dividida entre a guerra e a paz A lâmina e o corte O azar e a sorte A felicidade é você quem faz É tanto azar, só desastre É o que se vê não dá pra acreditar (A sabedoria do samurai vive dividida entre a guerra e a paz x2) A gente faz a felicidade perfurar a barreira da']",205,1155225
A Piscina e O Karma (Part. Emmily Barreto),"['Um roupão de banho Uma tonelada de protetor solar Eu tô de boas no sol O pau quebrando no universo E eu enchendo um crocodilo Eu tentei E tento Fazer de tudo pra ficar relax Mas o karma vem Pra me esfaquear (explodir meu sofá) Quase me atropelar (invadir meu Wi-Fi) Parem de atirar (aqui não tem respawn) Seu karma eu não vou lembrar Se a urucubaca não fui eu que fiz Eu me esforço ao máximo pra tentar ficar na água Mas a pele enruga (yeah) Bebo o cloro da piscina Pra ficar limpinho e o karma não Tentar me esfaquear (explodir meu sofá) Quase me atropelar (invadir meu Wi-Fi) Parem de atirar (aqui não tem respawn) Seu karma eu não vou lembrar Se a urucubaca não fui eu que fiz Não há como fugir de mim, não dá O corpo relaxa, a mente não Beirando a exaustão da Beirando a exaustão da alma Alma (oh uh) Tentar me esfaquear (explodir meu sofá) Quase me atropelar (invadir meu Wi-Fi) Parem de atirar (aqui não tem respawn) Seu karma eu não vou lembrar Se a urucubaca Parem de atirar (aqui não tem respawn) Seu karma eu não vou lembrar Se a urucubaca não fui eu que fiz']",223,2227523
Bonsais,"['Vou fazer um chá com umas plantas ornamentais Sentar nessa varanda Na minha mente com os meus bonsais Perguntar para os passarinhos Como os pombos voam e que horas eles vão cantar Esse crânio é o meu refúgio Ninguém me impede de meditar Um dia eu me sequestrei Fui meu cativeiro Loucura desse mundo não é pra mim Eu prefiro a minha cama Botar o meu pijama e só Sintonizar a mente Morar em Bangladesh Trocar ideia com os peixe Romance em filme de horror Prefiro a minha cama Botar o meu pijama e só Sintonizar a mente Morar em Bangladesh Trocar ideia com os peixe Romance em filme de horror Yeah Vão me entrevistar prum jornal de Madagascar Deitado nos elétrons Levitando com os meus bonsais Discutindo sobre o futuro com leões marinhos, lagartixas, pombos e gambás Esse crânio é o meu refúgio Ninguém me impede Ninguém me impede yeah Esse crânio é o meu refúgio Morpheus mandou eu nunca acordar Um dia eu me sequestrei Fui meu cativeiro Loucura desse mundo não é pra mim Eu prefiro a minha cama Botar o meu pijama e só Sintonizar a mente Morar em Bangladesh Trocar ideia com os peixe Romance em filme de horror Prefiro a minha cama Botar o meu pijama e só Sintonizar a mente Morar em Bangladesh Trocar ideia com os peixe Romance em filme de horror Yeah Prefiro a minha cama Botar o meu pijama Yeah Morar em Bangladesh Trocar ideia com os peixe Romance em filme de horror Prefiro a minha cama Botar o meu pijama e só Sintonizar a mente Morar em Bangladesh Trocar ideia com os peixe Romance em filme de horror Yeah Eu não saio desse coma Nem a força Eu não saio dessa cama Nem a força (Eu não saio dessa cama)']",235,972071
Grão de Areia (Part. Gustavo Bertoni),"['Tu tem noção do tamanho desse nosso universo? É imenso Quem é você pra falar que somos iluminados? Escolhidos? Todas nossas aflições, nossos medos Amores, opiniões, não são nada Um grão de areia Eu sou um atestado de óbito Esperando o tempo ter tempo pra assinar Eu sou um belo desastre Que acabou com os dinossauros um tempo atrás Tenho memórias de todos os meus antepassados Até os neandertais, que são os mais legais Todas nossas aflições, nossos medos Amores, opiniões, não são nada Somos o acaso Um acidente intergalático Eu sou um atestado de óbito Esperando o tempo ter tempo pra assinar Eu sou um belo desastre Que acabou com os dinossauros um tempo atrás (Yeah) (Aaaaaah) Todas nossas aflições, nossos medos Amores, opiniões, não são nada Um grão de areia Eu sou um atestado de óbito Esperando o tempo ter tempo pra assinar Eu sou um belo desastre Que acabou com os dinossauros um tempo atrás Eu sou... (um atestado de óbito esperando o tempo ter tempo pra assinar) Eu sou... (um belo desastre que acabou com os dinossauros um tempo atrás)']",231,1684821
Monstros (Part. Mauro Henrique),"['Os monstros que me assombravam ao dormir Me propuseram cessar fogo Alegando que eu não sei sorrir Que eu não sou mais o mesmo Que eu vivo no passado E não me assusto com o que antes era Meu tormento Também queria ser imaginário Aparecer só quando apropriado Não medir minhas palavras (não medir minhas palavras) Também queria ser imaginário Sumir quando estiver dando tudo errado Sem pesar na consciência (sem pesar na consciência) Mas como faz? As criaturas das profundezas do edredom Querem me expulsar do quarto Vai tomar um Sol, vai tomar um Sol Que eu não sou mais o mesmo Que eu vivo no passado E não me assusto com o que antes era Meu Rogério Também queria ser imaginário Aparecer só quando apropriado Não medir minhas palavras (não medir minhas palavras) Também queria ser imaginário Sumir quando estiver dando tudo errado Sem pesar na consciência (sem pesar na consciência) Mas como faz? Ser adulto não é fácil (3x) Eu também queria ser imaginário Aparecer só quando apropriado Não medir minhas palavras (não medir minhas palavras) Eu também queria ser imaginário Sumir quando estiver dando tudo errado Sem pesar na consciência (sem pesar na consciência) Também queria ser imaginário Aparecer só quando apropriado Não medir minhas palavras (não medir minhas palavras) Também queria ser imaginário Sumir quando estiver dando tudo errado Sem pesar na consciência Quero que faça parte de mim']",245,4399634
Embrulho,"['Quando ela chegou no paraíso Sentiu falta do sofrer Sem cabimento não sai da cabeça Como é que o embrulho É melhor que o presente Sem cabimento não sai da cabeça Como é que o embrulho É melhor que o presente Dá meia volta, volta Só rebobina aí Dá meia volta, volta Só rebobina A gente briga pelo que a gente quer Mas o destino final Não é, não é, não é A jornada é o que nos faz viver Quem ainda não se jogou Tá esperando o que Sem cabimento não sai da cabeça Como é que o embrulho É melhor que o presente Quando ela chegou no céu querendo estar no chão Dá meia volta volta, Só rebobina aê Dá meia volta volta, Só rebobina A gente briga pelo que a gente quer Mas o destino final Não é, não é, não é A jornada é o que nos faz viver Quem ainda não se jogou Tá esperando o que A jornada é o que nos faz viver A jornada é o que nos faz crescer Quem ainda não se jogou me diz Quem ainda não se jogou espera o quê (omi) (2x) O quê, omi O quê, omi']",202,630483
Morar,['Sermão É só pra quem tem envergadura moral Você não tem De perto todos são doidão A louça cresce As roupa fede Lá vem o palavrão Pasta de dente sem tampa Sujeira debaixo da cama Desde que você veio morar Minha vida é um inferno O inferno mais bonito que se há No planeta terra Às vezes eu reclamo Mas eu tô sempre de pé (é) O dia mal começou Eu vejo 20 shampoos vazios no box do banheiro Cabelo no ralo da pia Em 2012 o mundo não se acabou Mas a paciência sim Pasta de dente sem tampa Sujeira debaixo da cama Desde que você veio morar Minha vida é um inferno O inferno mais bonito que se há No planeta terra Às vezes eu reclamo Mas eu tô sempre de pé Desde que você veio morar Minha vida é um inferno O inferno mais bonito que se há No planeta terra Às vezes eu reclamo Mas eu tô sempre de pé O inferno mais bonito que se há No planeta terra Às vezes eu reclamo Mas eu tô sempre de pé Sempre de pé'],219,911346
Bomba Relógio (Part. Lucas Silveira),['Por favor vamos manter a calma Se eu corto um fio errado Todos nós vamos explodir Aí eu vou rir Nossos pedaços pintando o chão E sou eu que vou ter que limpar Pois... Ninguém liga Se meu timer zerou ou se tá quase lá E meu esquadrão saiu pra almoçar Ninguém liga Se meu timer zerou ou se tá quase lá E o meu esquadrão saiu pra ir ir fumar Alguém me ajuda a desarmar a bomba Se essa merda explodir Vocês vão chorar E Rogério Vai se mijar de rir Essa é minha rotina Desarmando o que ninguém quer ter que lidar Desarmando o que ninguém quer ter que lidar... Ninguém liga Se meu timer zerou ou se tá quase lá E meu esquadrão saiu pra almoçar Ninguém liga Se meu timer zerou ou se tá quase lá E o meu esquadrão saiu É sempre uma pressão A massagem de canhão Me leva pra outra dimensão É sempre uma pressão Carinho de tiro de canhão Me leva pra outra dimensão Ninguém liga Se meu timer zerou ou se tá Ninguém liga Se meu timer zerou ou se tá quase lá (me leva pra outra dimensão)'],214,852584
Jovem,['Eu fico esperando Aquele ano Que eu sei que eu vou bombar Que eu vou ganhar muito dinheiro Enquanto isso eu fico Em standby com aquele pé atrás Cai do berço Cai no mundo sem nenhum tutorial De como eu chego no sucesso E tudo vira as costas Eu não me abandonei Nem vou abandonar Meus sonhos Pois eu sou jovem Com um corpinho de ancião Eu sou jovem Mentalidade de vovô Eu sou jovem E nunca sei aproveitar O que eu tenho em mãos Tá todo mundo esperando o milênio Que eu sei que eu vou bombar Que eu vou ganhar muito dinheiro Com o mundo abrindo as costas Eu não me abandonei Eu nunca Eu nunca vou abandonar meus sonhos Pois eu sou jovem Com um corpinho de ancião Eu sou jovem Mentalidade de vovô Eu sou jovem E nunca sei aproveitar O que já está na minha mão Eu não me abandonei Eu nunca vou deixar Rogério perto dos meus sonhos Pois eu sou jovem Com um corpinho de ancião Eu sou jovem Mentalidade de vovô Eu sou jovem E não importa o que disser Eu sempre vou ser... Jovem Com um corpinho de ancião Eu sou jovem Mentalidade de vovô Eu sou jovem E não consigo aproveitar O que eu tenho em mãos O que eu tenho O que eu tenho em mãos'],201,1842653
Eutanásia (Part. Sérgio Britto),"['Todo dia o mesmo teto Ela não aguenta mais Essa horizontal (todo dia, todo dia) Respira pelos canos E ninguém vai te ouvir gritar A escuridão deve ser Melhor que isso Deixa eu decidir não quero ser submisso A escuridão deve ser Melhor que isso Solta minha mão deixa eu abraçar o abismo Um terno branco de aparelhos E a festa pode começar na Uti Respira pelos canos E ninguém vai te ouvir gritar A escuridão deve ser Melhor que isso Deixa eu decidir não quero ser submisso A escuridão deve ser Melhor que isso Solta minha mão deixa eu abraçar o abismo A escuridão deve ser Melhor que isso Deixa eu decidir não quero ser submisso A escuridão deve ser Melhor que isso Solta minha mão deixa eu abraçar o abismo Apagar a luz deve ser melhor Apagar a luz deve ser melhor A escuridão dever ser melhor que isso Solta minha mão... A escuridão deve ser Melhor que isso (deve ser melhor, deve ser melhor) Deixa eu decidir não quero ser A escuridão deve ser Melhor que isso (deixa eu decidir, deixa eu decidir) Solta minha mão deixa eu abraçar o abismo Amar o abismo...']",193,1020227
Rogério,['Você não sabe como é ruim Desejo pra ninguém Viver nesse calor infernal E todo mundo te usar Como garoto propaganda pra todo mal que existe nesse mundo Será que alguém me entende? Mesmo eu sendo um camundongo Em meio de serpentes Ninguém me convidou Eu quero subir e já chegar chegando Na festa dos que já acham que vão subir pro céu Só pra ver geral caindo de tobogã Você não sabe como é legal Viver com 7 bilhões de dedos apontados na tua cara E todo mundo te odiar Em nome do amor e todo bem que existe nesse mundo Será que alguém me ouve Mesmo eu sendo um espantalho Dentro dessa creche Ninguém me convidou Eu quero subir e já chegar chegando Na festa dos que já acham que vão subir pro céu Só pra ver geral caindo de tobogã Eu quero um pouco de atenção Já sofri demais amassando o pão Nada justifica o ódio Eu quero subir e arrombar a porta Na festa dos que já acham que vão subir pro céu (Só pra ver geral caindo) Na festa dos que já acham que vão subir pro céu Só pra ver geral caindo.'],215,2478272
Lentes (Part. Negra Li),['Se você quer parar Estagnar Quer interromper Deixa eu carrego na garupa da minha bicicleta Se a porta fechar Boca calar E o mundo ficar pequeno demais Intercâmbio pra outro planeta Eu quero ver o que as lentes vão mostrar Eu quero ver o pôr do sol em Okinawa Escalar o Monte Fuji só pra degustar as luzes acesas Quero ver seus olhos a se esticar O samurai com a sua velha katana Quando chegar em casa é só revelar Se você quer mudar Evoluir Reescrever todos os versos A música move montanhas Vejo pessoas que só reclamam E nunca estão olhando pra frente Eu não pertenço a esse mundo Não Eu quero ver o que as lentes vão mostrar Eu quero ver o pôr do sol em Okinawa Escalar o Monte Fuji só pra degustar as luzes acesas Quero ver seus olhos a se esticar O samurai com a sua velha katana Quando chegar em casa é só revelar Assistir e recomeçar (ahhh) É O movimento é a vida A vida segue seus planos O ruído da paisagem milenar que eu amo Dúvidas e certezas Minha escolha é ser verdadeira Meus segredos Meu destino Eu quero é ser inteira Eu quero ver o que as lentes vão mostrar Eu quero ver o pôr do sol em Okinawa Escalar o Monte Fuji só pra degustar as luzes acesas Quero ver seus olhos a se esticar O samurai com a sua velha katana Quando chegar em casa é só revelar'],197,275182
Matagal,['É eu temo que sim Chegou um novo dia agora é acordar Pisar com o pé esquerdo e cair no chão Ligar pra ambulância e ficar feliz E eu espero que não A gente não precisa ir comemorar Sentar em um boteco às 6 da manhã Jogar conversa pra quem não quer te ouvir Eu gostava de quando era um bebê Não tinha que pensar E sempre tinha alguém ali pra me limpar Eu sei que o mundo inteiro está errado (Eu sempre soube) Me deixa ter meu próprio universo (Tudo invertido) Um matagal no meio do oceano'],128,497986
Campo de Força,"['Penso em você Tento te ajudar Mas seu campo de força não me deixa entrar Para de esconder Se a ponta do iceberg já é maior do que o Everest Imagina a raiz E tudo o que tem por lá Enterrado, soterrado embaixo do chão Você faz coleção do que eu tento evitar Você faz coleção Você faz promoção do que eu quero me livrar Você faz promoção até acabar A felicidade é de quem não se importa De ligar o ""F"" pro mundo inteiro Preservando a matriz Com todos os Zeros e Ums empilhados Encranhados na programação Você faz coleção do que eu tento evitar Você faz coleção (Você não deixa eu entrar) Você faz promoção (Você não deixa eu entrar) Do que eu quero me livrar (Você não deixa eu entrar) Você faz promoção até Você não precisa se fechar (Deixa eu te salvar) Seu campo de força não me deixa entrar Você não precisa se fechar (Deixa eu entrar) Seu campo de força não me deixa entrar Você faz coleção do que eu tento evitar Você faz Você faz promoção do que eu quero me livrar Você faz promoção até acabar']",219,168812
Piloto Automático,"['Eu nunca fiz questão de estar aqui Muito menos participar E ainda acho que o meu cotidiano Vai me largar Um dia eu vou morrer Um dia eu chego lá E eu sei que o piloto automático Vai me levar Eu devia sorrir mais Abraçar meus pais Viajar o mundo e socializar Nunca reclamar Só agradecer Tudo o que vier eu fiz por merecer Eu devia sorrir mais Abraçar meus pais Viajar o mundo e socializar Nunca reclamar Só agradecer Fácil de falar, difícil fazer Quase toda vez que eu vou dormir Não consigo relaxar Até parece que meus travesseiros pesam Uma tonelada. Eu devia sorrir mais Abraçar meus pais Viajar o mundo e socializar Nunca reclamar Só agradecer Tudo o que vier eu fiz por merecer Eu devia sorrir mais Abraçar meus pais Viajar o mundo e socializar Nunca reclamar Só agradecer Fácil de falar, difícil fazer Eu nunca fiz questão de existir Não queria incomodar Um dia eu acho um jeito de aparecer E você notar Você notar, você notar (Você notar, você notar)']",217,47085674
Menino,"['Menino foi pro mato brincar com os seu irmãos Furou o pé, ralou a mão Menino da cidade não sabe andar descalço Não sabe respirar De onde menino vem Os carros levam as pessoas pra passear O sol é cinza, o mar esgoto O sol é cinza, o mar esgoto Menino Menino Sai desse corpo que não te penteia O sol é cinza, o mar esgoto Sai desse corpo que não te penteia']",161,619058
Sol da Manhã,"['Como eu adoro esses fogos embelezando o céu Eu quase me esqueço que você tá do meu lado Exigindo atenção Que hoje está em falta Eu sou assim Me distraio facilmente: ""Olha lá o avião"" Enquanto você me espera no escuro Eu aproveito pra tomar um sol da manhã Sei que o clima tá tenso e eu to rindo Não consigo evitar enxergar o que é bom As luzes refletem no seu rosto tirando a minha concentração Enquanto você se alimenta de ódio Me preparo pra juntar os teus pedaços É sempre assim Me distraio, me distraio Me distraio facilmente: ""Olha lá o avião"" Enquanto você me espera no escuro Eu aproveito pra tomar um sol da manhã Sei que o clima tá tenso e eu to rindo (Não reclama, eu preciso, me espera, eu preciso) Não consigo evitar enxergar o que é bom (Eu reclamo mas preciso de você) Enquanto você me espera no escuro Eu aproveito pra tomar um sol da manhã Sei que o clima tá tenso e eu to rindo Não consigo evitar enxergar o que é bom (Não consigo evitar enxergar)']",251,1361894
O Peso da Cruz,"['Todos de pé, podem sentar Não tem como fugir agora é só rezar Bota pra fora, se salve por dentro Todos aqui já querem almoçar Não sei se você já sabe, estão comentando por aí Se é pra sair atirando, coloca um silenciador Sem provas, nem testemunhas A tua própria defesa não quis te ajudar Acha mesmo que você é inocente com tanto karma pra pagar? Não sei se você já sabe, estão comentando por aí Que você sai atirando e não usa silenciador Com seus conselhos quebrados O peso do mundo pesa ainda mais Não sei se você já sabe, estão comentando por aí Quando você abre a boca as suas palavras causam dor Com seus conselhos quebrados O peso do mundo pesa ainda mais Tire os joelhos do banco, erga seu corpo e não volte mais']",225,607591
Ela,"['Sopro as velas como quem não quer ver apagar Eu sempre soube muito bem aonde isso vai dar Toda vez que ganho uma, perco duas Toda vez ela me estica e me puxa Ela vai me acorrentar na areia e esperar a razão me devorar Quanto mais me afundo mais difícil de escapar Nadar até a superfície e te alcançar Eu não suporto esses balões E nem os ""com quem será"" E eu nem conheço a maioria das pessoas Toda vez que ganho uma, perco duas Toda vez ela me estica e me puxa Ela vai me acorrentar na areia e esperar a razão me devorar Quanto mais me afundo mais difícil de escapar Nadar até a superfície e te alcançar Ela vai me acorrentar na areia e esperar a razão me devorar Quanto mais Mais difícil de escapar Nadar até a superfície e te alcançar']",204,1041412
Fundo do Mar,"['Ai mais uma pane no painel Quem mandou abrir as escotilhas No fundo do mar Só reclama quem não sabe esperar Fica a mercê de toda a opressão Que te impede de ser teu oxigênio Afundo com a tripulação Sem fazer nada, sem fazer nada Água nos meus pés, sonar no dez Sem ouvir nada, sem ouvir nada Atiro os torpedos no que se mover no radar Sempre finjo que o alarme não tocou Só pra ninguém ver Que eu já me afoguei há muito tempo Somos um eco do que imaginamos ser']",202,739480
Soldadinho,"['Lembro de quando eu era novo Planejava dominar o mundo com o pessoal da creche E mãe cortava meu cabelo Ignorava qualquer senso de estética que eu poderia vir a ter Não consigo dormir com tantos filmes passando Se eu fecho os olhos vejo infinitos momentos Sempre voltando no tempo e mudando o futuro Tentando me encaixar Não pensava em qualidade de vida Eu só queria sal, açúcar e aromatizantes Ei soldadinho, tá perdidinho O lance é inventar Fazer teu próprio rolimã Não consigo dormir com tantos filmes passando Se eu fecho os olhos vejo infinitos momentos Sempre voltando no tempo e mudando o futuro Tentando me encaixar Eu não preciso disso Alguém desliga os aparelhos e me ajuda a respirar Eu não preciso disso Alguém desliga os aparelhos e me ajuda a levantar Ei soldadinho, tá perdidinho O lance é inventar Fazer teu próprio rolimã Não consigo dormir com tantos filmes passando Se eu fecho os olhos vejo infinitos momentos Sempre voltando no tempo e mudando o futuro Tentando me encaixar Sempre voltando no tempo e mudando o futuro Ei soldadinho, tá perdidinho O lance é inventar Fazer teu próprio amanhã']",221,4221860
Memorial,"['Eu furei o vermelho e fui dormir Larguei meu pé do freio No asfalto eu consigo relaxar Agora é tarde O mundo inteiro girou e eu fiquei aqui Me deu saudade de tudo que eu não vivi Mas quero que você Viva aí Assinei um contrato que eu não li Me prendeu no passado, acho Culpado é o tempo que passou Culpado é o tempo que passou Agora é tarde O mundo inteiro girou e eu fiquei aqui Me deu saudade de tudo que eu não vivi Mas quero que você Viva aí Viva aí Me deu saudade de tudo que eu não vivi Mas quero que você Viva aí Ficou tão tarde Ficou tão tarde que o mundo nem me viu passar Agora é tarde O mundo inteiro girou e eu fiquei aqui (Parado, suspenso) Me deu saudade de tudo que eu não vivi Mas quero que você Viva aí Ficou tão tarde Ficou tão tarde que o mundo nem me viu passar']",243,441348
Autonomia,['Vou começar a mentir Fingir que tudo está suave e sorrir Isso foi tema nas palestras semanais Que tenho na minha cabeça Quero ser um anti-depressivo pra poder me medicar Total autonomia sobre mim E demitir quem não me respeitar Vou começar a mentir Fingir que não bateu na trave e comemorar Quero ser um anti-depressivo pra poder me medicar Não depender de mais ninguém Total autonomia sobre mim E demitir quem não me respeitar Quero ser um anti-depressivo Não depender de mais ninguém Me salvar Te salvar Salvar Quero ser um anti-depressivo pra poder reconstruir Meu teto e painel solar Quero ser um anti-depressivo pra poder me medicar Não depender de mais ninguém Total autonomia sobre mim Mandar embora quem não respeitar'],191,558264
Amianto,"['Moça, sai da sacada Você é muito nova pra brincar de morrer Me diz o que há, O quê que a vida aprontou dessa vez? Venha, desce daí Deixa eu te levar pra um café, pra conversar Te ouvir E tentar te convencer Que a vida é como mãe Que faz o jantar e obriga os filhos a comer Os vegetais, pois sabe que faz bem E a morte é como um pai Que bate na mãe e rouba os filhos do prazer De brincar, como se não houvesse amanhã Moça, não olha pra baixo Aí é muito alto Pra você se jogar Vou te ouvir E tentar te convencer (Somos programados pra cair) Que a vida é como mãe Que faz o jantar e obriga os filhos a comer Os vegetais, pois sabe que faz bem E a morte é como um pai Que bate na mãe e rouba os filhos do prazer De brincar, como se não houvesse amanhã Mas tudo bem, nem sempre estamos na melhor Moço, ninguém é de ferro Somos programados pra cair']",257,43836922
Desabafo,['O que que aconteceu Com a música nesse país? Não agrada mais meu coração Surpreenda-me se for capaz Surpreenda-me se for capaz'],90,164407
Se Eu Quiser,"['Oi, eu tenho problemas Pra acordar e sobreviver Na minha jaula Falar em trabalho Eu mal comecei Já quero me aposentar Tava pensando em batalhar, casar Com meu dinheiro E acordar só seis da manhã Talvez assim eu consiga mostrar Que eu também posso ser igual Se eu quiser Se eu quiser Se eu quiser Água na cara e partiu pro busão Atrasado com muita fome Pra chegar lá Fazer o que eu não gosto Com pessoas que eu nunca quero interagir Nunca Se eu quiser Se eu quiser Se eu olho pro lado tem sempre alguém Esticando uma perna pra eu cair Mas eu tenho certeza que se eu não morrer Nada nessa vida vai me surpreender']",203,759597
Chuva de Granito,"['Sinceramente não sei o que quer provar Quando tu chega brava, xingado até a mãe É tanta chuva pra um copo quebrado Que a gente esquece de perguntar Qual é o motivo, motivo Será que é preciso, preciso Qual é o motivo, motivo Pra que tudo isso, tudo isso Nos somos tão iguais Você sabe disso Então porque Você não diz qualé que é da parada? Meu amor não é inquisição Não te enforca A sua vida só te faz reclamar Reclamar que está vivendo sem gostar Daqui a pouco chega a hora Qual é o motivo, motivo Será que é preciso, preciso Qual é o motivo, motivo Pra que tudo isso, tudo isso Nos somos tão iguais Você sabe disso Então porque Você não diz qualé que é da parada? Meu amor não é inquisição Não te julga Não te queima Não te força (Nos somos tão iguais Você sabe disso Então porque) Qual é o motivo, motivo Qual é o motivo, motivo Qual é o motivo, motivo Qual é o motivo, motivo']",212,356612
Não da Certo,"['Vários dias passam e eu não presto atenção E aquele sonho adormecido afundado do lençol Eu sempre quis bater na cara do meu chefe E ficar desempregado e viver de luz incandescente Feche os olhos torço pra dar certo Meus pés estão em blocos de concreto Agora seria o momento de acordar Feche os olhos torço pra dar certo Se realmente existe alguém lá em cima Agora seria o momento de provar que eu posso abrir o mar Alguém devia ir bater, gritar na porta do céu Pra tirar satisfação, porque não nascemos ali desde o princípio Eu acho que eu vou matar o meu chefe Ficar desempregado pra sempre Feche os olhos torço pra dar certo Meus pés estão em blocos de concreto Agora seria o momento de acordar Feche os olhos rezo pra dar certo Se realmente existe alguém lá em cima Agora seria o momento de provar que eu posso abrir o mar Que eu posso abrir o mar Que eu posso acreditar Foi-se o tempo que eu achava que o mundo era meu Amiga, agora não passa de um...não passa de um vilão (nãão) Foi-se o tempo que eu achava que o mundo era meu Amiga, agora não passa de um vilão Não passa de um vilão Quando eu paro pra pensar Ah, quem dera se isso desse certo']",213,529477
Mulher da Vida,"['Ela mudou de nome, quis se aventurar Já não tinha medo de se machucar Sem os pés no chão, pés no chão , pés no chão Sempre andou de costas E não aprendeu , quis inventar Desculpas pra ignorar O fato de que sempre , deixa pra lá As coisas que te impedem de amar Ela tentou a sorte , quis se libertar Escapar da morte espiritual Não é fácil , não é fácil , não é fácil não Sempre dá errado ,sempre diz que Não aprendeu , quis inventar Desculpas pra ignorar O fato de que sempre , deixa pra lá As coisas que te impedem de amar Ela não soube segurar, tava lá na frente,já não tinha mais pra onde ir E não mais se abriu pra niguém E o tempo , ela não soube segurar E não mais se abriu pra ninguém Não vai mais recomeçar Não aprendeu , quis inventar Desculpas pra ignorar O fato de que sempre , deixa pra lá As coisas que te impedem de amar O fato de que sempre , deixa pra lá, As coisas que te impedem de amar']",223,341182
Saco Cheio,"['Tô de saco cheio, amor Eu não nasci pra te esperar Só escolhe a roupa e vem Não precisa se maquiar Pra onde vamos, eu não sei e digo Escolhe você que eu já cansei de escolher Só de olhar pra sua cara, eu sei O termômetro vai suar E não venha com esse pa-pa-para-ow. E não venha com esse pa-pa-para-ow Esta me sufo- sufocando Não precisa roubar meu ar A noite vai ser, vai ser longa Pra onde vamos, eu não sei e digo Escolhe você que eu já cansei de escolher Só de olhar pra sua cara, eu sei O termômetro vai suar E não venha com esse pa-pa-para-ow. E não venha com esse pa-pa-para-ow Esse tempo perdido, não faz mais sentido Na próxima eu vou sem você Caiu em desuso, eu cansei do discurso Esse sofá me faz envelhecer Eu não aguento mais tanta indecisão Se eu estresso eu perco a razão Eu não aguento mais tanta indecisão Se eu estresso eu perco a razão']",215,1524142
Como São As Coisas,"['Quem me garante que a vida Vai me levar pra onde eu devo ir Com tantos lugares, pessoas, situações Coisas que eu nunca vi, nunca vi nem a metade Desse mundo Para de achar que o que é bom pra você É bom pra mim, não é assim Ta um calor agora, você agasalhada Me diz por que, só você não entende como são as coisas Somos cometas num campo de asteróides Evitando colisão, na medida do possível Deixe eu falar, sem ter que ouvir Para de achar que o que é bom pra você É bom pra mim, não é assim Ta um calor agora, você agasalhada Me diz por que, só você não entende como são Não entende como são as coisas E eu te pergunto, depois disso tudo, como vai? Espero que esteja bem Eu nunca penso antes de falar Eu sempre durmo antes de sonhar Para de achar que o que é bom pra você É bom pra mim, não é assim Se eu não quero ir embora, você já está na porta Me diz por que, só você não entende como são Não entende como são Não entende como são as coisas']",234,565418
Faz Parte,"['Numa tacada só Você ganhou e eu perdi E comecei a sorrir Fez lembrar do que é lutar Sem querer A gente briga, chora Discute mas se ama Faz parte Faz parte A vida a dois é um esporte Não era intenção Entregar fácil assim Porque eu prefiro ter paz do que ter razão Porque eu prefiro ter paz do que ter razão Porque eu prefiro ter paz do que ter razão Porque eu prefiro ter paz do que ter razão A gente briga, chora Discute mas se ama Faz parte Faz parte A vida a dois é um esporte A gente briga, chora Discute mas se ama Faz parte Faz parte A vida a dois é um esporte']",218,565256
Por Essa Eu Não Esperava,"['Por essa eu não esperava Você com medo de ler com a luz apagada (uuu) Dizendo quando for velha Vai ter problemas pra ver , os nosso retratos (uuu) Sempre que eu falo, você finge que não vê Cantamos pro amanha E venha o que vier Deixa o passado pra trás Você não sabe o quão alto , você vai conseguir chegar A sua vida é uma caixa, cheia de ilusões, rolando as escadas E eu digo quando eu for velho , vou estar ferrado de vez Vai ser engraçado (uuu) Sempre que eu falo você finge que não vê Mais sei que se importa Cantamos pro amanha E venha o que vier Deixa o passado pra trás Jogue esse espelho pro alto, e vamos nos inventar Outra vez Estamos aqui pra variar 3x E só me resta cuidar de nós 4x Cantamos pro amanhã , e venha o que vier Deixa o passado pra trás Você não sabe quão alto, você vai conseguir chegar']",240,587206
Anestesia,"['Se isso não é problema meu Não é de ninguém Todos querem meter Colher pra fora dos pratos Eu não acho essa curiosidade saudável Coisa boa não é Anestesia, por favor A minha vontade de saber Anestesia a minha dor Pra eu me conformar Dormir com rancor Se isso não é problema nosso Não é de ninguém Todos querem meter O pé em outros sapatos Eu não acho essa curiosidade saudável Coisa boa não pode ser Anestesia, por favor A minha vontade de saber Anestesia a minha dor Pra eu me conformar Anestesia, Seu Doutor A minha vontade de saber Anestesia, por favor Pra eu me conformar Dormir com rancor (Com rancor) Tô cansada de ver meus sapatos andando nos pés de alguém (Com rancor) Tô cansada de ver meus sapatos andando nos pés de alguém (Com rancor) Tô cansada de ver meus sapatos andando nos pés de alguém (Com rancor) Anestesia, por favor Minha vontade de saber Anestesia Anestesia, por favor Anestesia Minha vontade de saber Pra eu me conformar Dormir com rancor']",216,654659
Vê Se Não Morre,"['Eram explosões, incêndios em praças E confusões, pessoas armadas Você se foi (Cadê você?) Eu me preocupo Vê se não morre Toma cuidado Mande noticias Seja um sinal de fumaça Foi assim, nem deu tempo pra pensar Quando eu cai, os prédios em chamas Eu vi você me olhando de longe O sol se pôs Seguiu você Sobrou pra mim um buque No altar ao sol, em busca Eu me preocupo Vê se não morre Toma cuidado Mande noticias Seja um sinal de fumaça Vê se não morre Toma cuidado Mande noticias Seja um sinal de fumaça Está tão distante Está tão distante Sumiu na multidão Levou meu coração Está tão distante Sumiu na multidão Levou meu coração Está tão distante Vê se não morre Toma cuidado Mande noticias Seja um sinal de fumaça']",234,384597
Oculto,"['E dai se você for a presidenta? Não a lei que me obriga a ser Só mais um, só mais um Olha, com a luz batendo na cara, é impossível de te ver anoitecer E dai se você não exige tanto? Não é razão, pra que eu queira ser Mais comum , mais comum Olha, com a luz batendo na cara, é impossível de dizer, Quem é você? Eu posso ser melhor se confiar em mim, eu posso te mostrar que tem outro lugar Esquecido Se alguém abriu uma porta , todos querem entrar, Mesmo sem saber pra onde ela vai, Precipício Olha, com a luz batendo na cara, é impossível de te ver anoite... Olha com a luz batendo na cara é impossível de dizer, Quem é você?']",200,187744
Farol,"['Venha se sentar Te peço calma Pede uma água Que hoje eu vou contar Todo esse tempo Você fez eu me sentir tão bem Eu nunca vou desistir Até um dia eu ser alguém Muito prazer em te con... con... conhecer Eu vou pedir pra você desligar o farol Pois daqui em diante eu sou meu próprio sol E quem sabe um dia eu me torne um farol pra alguém Vamos levantar Nos despedir Embora pra casa E nunca mais voltar Todo esse tempo Você fez eu me sentir tão bem Eu nunca vou desistir Até um dia, um dia eu ser alguém As estrelas vão me aplaudir de pé As estrelas vão me aplaudir de pé Muito prazer em te con... con... conhecer Eu vou pedir pra você desligar o farol Pois daqui em diante eu sou meu próprio sol E quem sabe um dia eu me torne um farol pra você Muito prazer em te con... con... conhecer Eu vou pedir pra você apertar minha mão Pois daqui em diante eu sou meu próprio sol E quem sabe um dia eu me torne um farol Pra você entender melhor Vou pedir pra você As estrelas vão me aplaudir de pé Eu vou pedir pra você As estrelas vão me aplaudir de pé @_gewo']",268,186875
Café Amargo,"['Lento outra vez ao vir o trem passar Já foram dois lá vai o três Decido caminhar,com sorte eu chego às seis O vendaval vai me esperar É muita informação Pra quem só fez um pedido simples(Vem Dançar) Bati no travessão do amor eterno Do meu sucesso (Vem dançar) Dois dias sem dormir Demoram pra passar café amargo, sem você não dá Eu fiz o meu dever de casa mas eu me esqueci Que o preço é alto muito alto (Quando estou no topo antes de cair no chão) É muita informação Pra quem só fez um pedido simples (Vem dançar) Bati no travessão do amor eterno Do meu sucesso (Vem dançar) Do meu sucesso É muita informação Passando pela mente Não dá pra entender Não dá pra decifrar O que a gente sente Joguei meu coração Pela Janela (nem tentei) Amortecer a queda (vem dançar)']",233,85078
Saudade,"['Não querer lidar com pessoas É proteção pra você nunca se machucar. Se esconde e esquece, Pois quando a gente perde alguém não quer nem pensar Em esquecer... Das vezes que eu te encontrei Lembrar, e sentir o que foi pra mim. Aquela sensação de ter o mundo nas mãos Me fez acordar e ser quem sou Eu sei que a vida é curta E que todos nós somos frágeis feito papel, Que dobra e rasga. Mas quando a gente perde alguém, Não quer nunca ouvir que é natural. A saudade que sinto... Das vezes que eu te encontrei, Lembrar, e sentir o que foi pra mim. Aquela sensação de ter o mundo nas mãos Me fez acordar e ser quem sou. Espero que esteja em paz E a gente segue como dá, Se sufocar. A saudade que sinto no coração Não cabe nesse mundo. A saudade que sinto no coração Não cabe nesse mundo. Aonde foi que eu errei? Voltar. Decidir o que foi pra mim. Não te culpo por tudo. Eu sei. Um dia veremos o que sobrou... A saudade que sinto no coração Não cabe nesse mundo A saudade que sinto no coração Não cabe nesse mundo.']",273,374652
Gravidade,"['Eu vou te mostrar o quanto eu sou Capaz de aguentar o que for Preciso, preciso Pode ate chover em mim Que eu não vou sair daqui Lutando contra a gravidade E o que tiver de ser será Não ha nada, não ha nada Que nos prenda de alcançar Um lugar ao sol Largar o que é ruim Não esquenta um dia a gente vai envelhecer E rir do que passou Apague essa luz e vem deitar Não vou me importar de so te ver dormir Ver dormir Pode até chover em mim Que eu não vou sair daqui Lutando contra a gravidade E o que tiver de ser será Não há nada, não ha nada Que nos prenda de alcançar Um lugar ao sol Largar o que é ruim Não esquenta um dia a gente vai envelhecer E rir do que passou O que tiver que ser será Não tem como impedir E o que tiver que ser será Não ha nada, não ha nada O que tiver que ser será Não tem como impedir O que tiver que ser será Não ha nada, não ha nada Não esqueça a gravidade não é maior Que os sonhos que eu te dei Não me deixa o nosso amor vai permanecer E eu vou estar aqui']",258,229419
Cebolas,"['Que sejam cebolas Pra me fazer chorar, Já que sou uma pedra Sei que te cobro Bem mais que eu deveria estar fazendo de graça Eu sei... Não é possível, não é possível Ressuscitar meu coração Não é possível, não é possível Viver somente de razão Escondo as cartas, Escondo de mim mesmo Então não pergunte o que se passa Que venha o tédio Pra reclamar Que eu sou monótono e chato Não é possível, não é possível Ressucitar meu coração Não é possível não é possível Viver somente de razão. Te devolvo tudo, Pode ficar com o que eu te dei Te devolvo tudo... Pode ficar... Pode ser que no fim eu acorde pra esse mundo que eu nunca pude ver, mas por hora ele fica pra você... Não é possível Não é possível... @K (:']",210,226696
Labirintite,"['Deito Meu Corpo na minha cama Nas coisas que sinto só eu encosto Encosto mais... Se eu parar Tudo vai Aaaaa, aaaaah... Waaaa, waaaah... Se eu parar Pra pensar Aaaaa, aaaaah... Waaaa, waaaah... Não levo jeito pra ser transparente O que tem dentro só a gente sente Entende... Se eu parar Tudo vai Aaaaa, aaaaah... Waaaa, waaaah... Se eu parar Pra pensar Aaaaa, aaaaah... Waaaa, waaaah... Se eu parar Tudo vai Aaaaa, aaaaah... Waaaa, waaaah... Se eu parar Pra pensar Aaaaa, aaaaah... Waaaa, waaaah... O que tem dentro Ninguém pode ver Não seria justo... Aaaaaah... Quando eu parar... Tudo vai... Eu devia ter Eu devia ter Coragem... @K (:']",212,94461
Sorte E Azar,"['Nessa vida eu já fiz de tudo. E continuo a procurar meu rumo. Às vezes paro pra pensar Será que alguém sentou no meu lugar. E não se levantou quando me viu chegar Eu só corro atrás, Corro atrás de mim. Perdi a noção, do que é bom pra mim. Até hoje eu não sei, Qual é o meu quadrado. E todas as direções me cercam, Me enforcam Não que eu esteja reclamando Mas esse labirinto de obrigações Me persegue Trabalho pra pagar as contas do meu emprego (o que é bom pra mim) 4x Eu só corro atrás, corro atrás de mim. Perdi a noção, do que é bom pra mim Eu só corro atrás, (trabalho pra pagar) corro atrás de mim. (as contas do meu emprego) Perdi a noção, (e não se levantou) do que é bom pra mim (quando me viu chegar) Vou tentar saltar de bungee jump Quando estou com alguem no meu celular Vou gritar, até me responderem Por que eu tenho tanta sorte? Tanto azar? Tanta sorte e Aa aa a a aaazar (o que é bom pra mim) 2x Eu só corro atrás, Corro atrás de mim. Perdi a noção, do que é bom pra mim Eu só corro atrás, (trabalho pra pagar) corro atrás de mim. (as contas do meu emprego) Perdi a noção, (e não se levantou) do que é bom pra mim (quando me viu chegar) lá lálá (O que é bom pra mim) 6x']",220,54902
À Deriva,"['Eu me perdi logo agora Que as ondas batem no céu, no céu; Eu naveguei no seu mar; Não te contei que eu não sei nadar; E eu digo mais pra você... (2x) Estava no barco, à deriva, sem as velas; Perto do meio do oceano, sem um plano; Será que o fundo é muito longe? (será? será?) Será que é longe pra voltar? (será? será?) E eu digo mais pra você... (2x) Estava no barco, à deriva, sem as velas; Perto do meio do oceano, sem um plano; Como uma casa sem janela, sem janela; Em uma rua sem calçada, sem calçada; Era uma casa, à deriva, sem janela; No oceano sem calçada; Era uma casa sem janela, sem janela; No oceano sem calçada, sem calçada; Letra adicionada por Vitor Lisboa. (:']",229,79694
Berço,"['Entendo que seu peito já está quase desistindo Cresço mas parece que meu berço não tem fim Não sai daqui, não deixe o sol cair, não deixe o sol cair Esqueça que meus passos já estão quase se perdendo Corro mas parece que o relógio manda em mim Não sai daqui, não deixe o sol cair, não deixe o sol cair - Refrão - Eu fiquei tão velho pra brincar São seis botões pra abotoar O tesouro que eu enterrei Eu já nem sei aonde está Me prenda em seus braços e nunca me deixe ir Cresço mas parece que meu berço não tem fim Não sai daqui, não diz que vai. Não sai daqui, não deixe o sol... - Refrão - Não sai daqui, não deixe o sol cair, não deixe o sol cair - Refrão - Eu fiquei tão velho pra brincar São seis botões pra abotoar O tesouro que eu enterrei Eu já nem sei onde procurar É como estar na água e não nadar Mas quem sabe um dia eu possa mergulhar... Mergulhar... Mergulhar.']",266,66802
Mal-dito,"['Eu até pensei em reservar Uma mesa pra dois, me declarar Na esperança de te conquistar Com o cabelo arrumado e um altar Com rapidez tudo se foi E não haverá outra vez As fotos me fazem lembrar Do que eu não fui pra você Eu até pensei em tropeçar Do alto da ponte acabar Quem sabe todo mundo ia rir Do cara que pensou poder voar Eu até pensei em reservar Uma mesa pra dois me declarar Na esperança de te conquistar Com o cabelo arrumado e um altar Me machuquei pra perceber Que não tentar é perder Eu não consigo te falar Então vou cantar pra você']",197,72093
O Calculista,"['Eu fiz uma planilha pra você; E calculei a porcentagem de dar errado, dar errado, errado; Eu sei o quanto custa a solidão; Eles riram do meu papo de cifrão; Não tem graça, não tem graça não, tem graça; Nunca me deram valor; E eu não sei o quanto valho; Nunca te deram amor; E isso como sei que vale; Se tempo é dinheiro, então; Eu sou um milionário sem noção; Não há nada em nossa frente; Não há nada que seja prejudicial; Eu sei que só vejo numeros no total Mas se quiser alguém pra te fazer sorrir; É só olhar pro lado que estou aqui; Estou aqui, comecei a contar, a contar; (2x) Nunca me deram valor; E eu não sei o quanto valho; Nunca te deram amor; E isso como sei que vale; Se eu tiver sua mão; Eu vou retirar meu coração; Daquele leilão na cidade; E eu vou me dedicar; Pra que nunca aconteça nenhum azar; E a partir dali está valendo; Letra adicionada por Vitor Lisboa.']",259,299712
DistraÍdo,"['estou de novo aqui com um maldito sol que derrete minha cabeça ela que sempre me esfriou querer mudar sem nenhuma razão estou cansado desse peso em minhas mãos hoje vo pra lá, espero que lá seja um bom lugar. perdido agora como um homem cego num mudo de silêncio eu preciso ver, eu preciso de algo novo hoje é o dia pra te dizer (hoje é o dia) hoje é o dia pra te dizer pra que fugir pra outro lugar igual a esse se eu não vou me dedicar pra construir, se novamente eu vou embora antes de acabar peso em minhas costas e não ter como parar não há mais lugar pra se encontrar quando você não quer nada. pra que fugir pra outro lugar igual a esse se eu não vou me dedicar uaaaa pra que fugir pra outro lugar igual a esse se eu não vou me dedicar pra construir, se novamente eu vou embora antes de acabar pra que fugir me dedicar vou embora pra que...']",194,50162
Dois Na Estrada,"['Eu digo olá pro futuro só de saber que você vai estar em meus planos quem nunca lutou pra tentar ser feliz? eu vou levantar e te provar que tudo o que eu fiz já não importa mais aaaais... hei, he-ei, ninguem sabe como vai ser daqui pra frente dois na estrada hei, he-ei, andei de mais pra perceber que você é o que eu sempre quis. encontrar. oooooo suas mãos tocam minha pele e eu não paro de pensar que tudo é real estamos na tv, onde tudo é feliz, não da pra ver se há uma cicatriz na minha mente a sua porta é por onde eu quero entrar, entrar, entrar hey, he-ey, ninguem sabe como vai ser daqui pra frente dois na estrada hey, he-ey, andei de mais pra perceber que você é o que eu sempre quis encontrar. hey, he-ey hey, he-ey hey, he-ey hey, he-ey eu vou me levantar e te provar que tudo o que eu fiz já nao importa mais importa mais. hey, he-ey a gasolina acabou, daqui pra frente pé na estrada hey, he-ey andei demais pra perceber que você é o que eu sem sem sempre quis andei demais pra perceber que você é o que eu sempre quis encontrar']",234,160477
Sem Sal,"['Não vai parar essa dor que eu sinto doi muito mais que qualquer queda e eu acho que estamos sem sal, sem sal uooo uooo ooo oooo uooo uooo ooo oooo eu não consigo explicar então minto só pra você não falar nada e eu ainda acho que estamos sem sal, sem sal agora eu preciso me concentrar pra isso nunca acontecer procuro esquecer todos fatos letais e guardo o que eu puder. caminhando pra melhor foi você que inventou essa briga não tive culpa de nada se você acha que estamos sem sal, sem sal afinal o que você quer de mim, afinal afinal o que você quer de mim, afinal afinal o que você quer de mim, afinal quer de mim. agora eu preciso me concentrar pra isso nunca acontecer procuro esquecer todos fatos letais e guardo o que eu puder caminhando pra melhor uooo uooo ooo oooo uooo uooo ooo oooo uooo uooo ooo oooo uooo uooo ooo oooo agora eu preciso me concentrar pra isso nunca acontecer procuro esquecer todos fatos letais e guardo o que eu puder caminhando pra melhor. agora eu preciso caminhando pra melhor.']",260,157501
Refrões,"['Eu sou tão capaz quanto você de operar este coração Não há mistério não É muito fácil de usar É só andar devagar caindo em qualquer ilusão Refrões não fazem mais nada por nós, por nós Você é quem faz tudo fluir Dois pontos e um travessão Não quero impedir a porta de se fechar Talvez em outro lugar eu encontre algo de bom Eu ouvi você chorar ao sair Refrões não dizem mais nada por nós, por nós Quando me ver lembre de que não sou mais o mesmo Rompemos o lacre (2x) Mas quem vai te ajudar quando o som dos trilhos te perturbar a noite inteira Quem vai? Quem vai? Refrões não fazem mais nada por nós, por nós Quando me ver lembre de que não sou mais o mesmo Rompemos o lacre']",342,169283
Nós Somos Reais,['Será que um dia você vai acordar E ver que essa casa não é o seu lugar? Eu não agüento ver Você espera demais Se dá um passo pra frente Por que dois passos pra trás? Não espere demais A sua vida passa num instante Não olhe pra trás Já se passaram mais de vinte anos Às vezes a sorte já não quer sorrir A fé já se foi e só restou você Eu não agüento ver Você espera demais Se dá um passo pra frente Por que dois passos pra trás? Nós somos reais Estamos bem aqui na sua frente Não somos normais Não adianta fugir do que se sente Nós somos reais Estamos bem aqui na sua frente Não somos normais Não adianta fugir do que se sente Vão... Se romper... As cordas amarradas em você... Não espere demais A sua vida passa num instante Não olhe pra trás Já se passaram mais de vinte anos Nós somos reais Estamos bem aqui na sua frente Não somos normais Não adianta fugir do que se sente Será que um dia você vai perceber O quão valioso é o tempo que se perdeu?'],205,106524
Vou Assombrar Seus Amigos E Parentes,['Seu rosto ficou na minha cabeça Quando quebrei nosso mural Sofrer era tudo o que eu queria Depois de uma noite no hospital Momentos dos quais eu me arrependo Ter deixado você entrar Ter escrito seu nome no cimento Pra ninguém poder apagar O que você não me conta? Eu quero saber Quais são as coisas que você sempre pensa em falar? Não quero estar por aqui Nem quero ver o que restou Há alguns segundos atrás é capaz de ter falado muito Seus livros tirei da minha estante O nosso contrato chegou ao final Vou assombrar seus amigos e parentes Que nem ligaram pro meu funeral Por que você não me conta? Eu quero saber Quais são as coisas que você sempre pensa em falar? (Dramatizar sempre foi o nosso forte) Não quero estar por aqui Nem quero ver o que restou Há alguns segundos atrás é capaz de ter falado muito (Dramatizar sempre foi o nosso forte) Se eu me convenço a voltar Não será mais o mesmo Há alguns segundos atrás é capaz de ter falado muito'],223,174380
Eu Prefiro Assim,"['Perdi a fé em suas palavras Independente do que for falar Oh oh oh Nem sei por onde eu andava Uma estrada sem asfalto ou cor E uma explosão Revelou o lado bom de uma tragédia Não mostrar sofrer e esquecer as regras Quem dera ser assim - Refrão - Eu não sirvo para festas Gosto de promessas Sei que eu não sou normal Mas eu prefiro assim Assim, assim Estou ficando sem tempo E quero só um segundo Pra mostrar o que eu tenho aqui Sem mais perguntas Como em meu caminho Quase sempre sozinho Esquecendo o quanto é bom sorrir Sem me preocupar Eu lamento se já me deu a sua hora Se quiser me ver, estarei lá fora Lá fora. - Refrão - Eu não deixo a porta aberta Olho pela fresta Esperando um dia alguém olhar de volta pra mim Eu não sirvo para festas Gosto de promessas Sei que eu não sou normal Mas eu prefiro assim Assim, assim Eu não deixo a porta aberta Eu sempre olho pela fresta Eu não sirvo para festas Gosto de promessas Sei que eu não sou normal Mas eu prefiro Eu prefiro assim Embora esteja só no fim Agora que eu te vi E vi você olhando pra mim']",252,143512
Eu Poderia,"['Eu poderia escrever uma canção de amor pra você sem ter que esconder o que quero, o que sinto, e o que você não precisa saber eu poderia te dar meu coração sem você me pedir, só pra te agradar não me importo de ficar sem viver só pra te ver sorrir só posso estar perdendo a cabeça perdendo a cabeça será que isso é amor? será que isso é amor? eu acho que talvez, não sei. sei que hoje em dia o mundo não se importa com o que eu tenho a dizer e isso inclui você se estivéssemos a mil anos atrás, você ia queimar, queimar só posso estar perdido no tempo, perdido e sem tempo será que isso é amor? será que isso é amor? será que isso é amor? eu vou me levantar daqui será que isso é amor? será que isso é amor? eu acho que talvez, não sei. eu vou me levantar daqui.']",317,150704
